,0
0,10_1.tif
1,10_10.tif
2,10_100.tif
3,10_101.tif
4,10_102.tif
5,10_103.tif
6,10_104.tif
7,10_105.tif
8,10_106.tif
9,10_107.tif
10,10_108.tif
11,10_109.tif
12,10_11.tif
13,10_110.tif
14,10_111.tif
15,10_112.tif
16,10_113.tif
17,10_114.tif
18,10_115.tif
19,10_116.tif
20,10_117.tif
21,10_118.tif
22,10_119.tif
23,10_12.tif
24,10_120.tif
25,10_13.tif
26,10_14.tif
27,10_15.tif
28,10_16.tif
29,10_17.tif
30,10_18.tif
31,10_19.tif
32,10_2.tif
33,10_20.tif
34,10_21.tif
35,10_22.tif
36,10_23.tif
37,10_24.tif
38,10_25.tif
39,10_26.tif
40,10_27.tif
41,10_28.tif
42,10_29.tif
43,10_3.tif
44,10_30.tif
45,10_31.tif
46,10_32.tif
47,10_33.tif
48,10_34.tif
49,10_35.tif
50,10_36.tif
51,10_37.tif
52,10_38.tif
53,10_39.tif
54,10_4.tif
55,10_40.tif
56,10_41.tif
57,10_42.tif
58,10_43.tif
59,10_44.tif
60,10_45.tif
61,10_46.tif
62,10_47.tif
63,10_48.tif
64,10_49.tif
65,10_5.tif
66,10_50.tif
67,10_51.tif
68,10_52.tif
69,10_53.tif
70,10_54.tif
71,10_55.tif
72,10_56.tif
73,10_57.tif
74,10_58.tif
75,10_59.tif
76,10_6.tif
77,10_60.tif
78,10_61.tif
79,10_62.tif
80,10_63.tif
81,10_64.tif
82,10_65.tif
83,10_66.tif
84,10_67.tif
85,10_68.tif
86,10_69.tif
87,10_7.tif
88,10_70.tif
89,10_71.tif
90,10_72.tif
91,10_73.tif
92,10_74.tif
93,10_75.tif
94,10_76.tif
95,10_77.tif
96,10_78.tif
97,10_79.tif
98,10_8.tif
99,10_80.tif
100,10_81.tif
101,10_82.tif
102,10_83.tif
103,10_84.tif
104,10_85.tif
105,10_86.tif
106,10_87.tif
107,10_88.tif
108,10_89.tif
109,10_9.tif
110,10_90.tif
111,10_91.tif
112,10_92.tif
113,10_93.tif
114,10_94.tif
115,10_95.tif
116,10_96.tif
117,10_97.tif
118,10_98.tif
119,10_99.tif
120,11_1.tif
121,11_10.tif
122,11_11.tif
123,11_12.tif
124,11_13.tif
125,11_14.tif
126,11_15.tif
127,11_16.tif
128,11_17.tif
129,11_18.tif
130,11_19.tif
131,11_2.tif
132,11_20.tif
133,11_21.tif
134,11_22.tif
135,11_23.tif
136,11_24.tif
137,11_25.tif
138,11_26.tif
139,11_27.tif
140,11_28.tif
141,11_29.tif
142,11_3.tif
143,11_30.tif
144,11_31.tif
145,11_32.tif
146,11_33.tif
147,11_34.tif
148,11_35.tif
149,11_36.tif
150,11_37.tif
151,11_38.tif
152,11_39.tif
153,11_4.tif
154,11_40.tif
155,11_41.tif
156,11_42.tif
157,11_43.tif
158,11_44.tif
159,11_45.tif
160,11_46.tif
161,11_47.tif
162,11_48.tif
163,11_49.tif
164,11_5.tif
165,11_50.tif
166,11_51.tif
167,11_52.tif
168,11_53.tif
169,11_54.tif
170,11_55.tif
171,11_56.tif
172,11_57.tif
173,11_58.tif
174,11_59.tif
175,11_6.tif
176,11_60.tif
177,11_61.tif
178,11_62.tif
179,11_63.tif
180,11_64.tif
181,11_65.tif
182,11_66.tif
183,11_67.tif
184,11_68.tif
185,11_69.tif
186,11_7.tif
187,11_70.tif
188,11_71.tif
189,11_72.tif
190,11_73.tif
191,11_74.tif
192,11_75.tif
193,11_76.tif
194,11_77.tif
195,11_78.tif
196,11_79.tif
197,11_8.tif
198,11_80.tif
199,11_81.tif
200,11_82.tif
201,11_83.tif
202,11_84.tif
203,11_85.tif
204,11_86.tif
205,11_87.tif
206,11_88.tif
207,11_89.tif
208,11_9.tif
209,11_90.tif
210,11_91.tif
211,11_92.tif
212,11_93.tif
213,11_94.tif
214,11_95.tif
215,11_96.tif
216,1_1.tif
217,1_10.tif
218,1_100.tif
219,1_101.tif
220,1_102.tif
221,1_103.tif
222,1_104.tif
223,1_105.tif
224,1_106.tif
225,1_107.tif
226,1_108.tif
227,1_109.tif
228,1_11.tif
229,1_110.tif
230,1_111.tif
231,1_112.tif
232,1_113.tif
233,1_114.tif
234,1_115.tif
235,1_116.tif
236,1_117.tif
237,1_118.tif
238,1_119.tif
239,1_12.tif
240,1_120.tif
241,1_13.tif
242,1_14.tif
243,1_15.tif
244,1_16.tif
245,1_17.tif
246,1_18.tif
247,1_19.tif
248,1_2.tif
249,1_20.tif
250,1_21.tif
251,1_22.tif
252,1_23.tif
253,1_24.tif
254,1_25.tif
255,1_26.tif
256,1_27.tif
257,1_28.tif
258,1_29.tif
259,1_3.tif
260,1_30.tif
261,1_31.tif
262,1_32.tif
263,1_33.tif
264,1_34.tif
265,1_35.tif
266,1_36.tif
267,1_37.tif
268,1_38.tif
269,1_39.tif
270,1_4.tif
271,1_40.tif
272,1_41.tif
273,1_42.tif
274,1_43.tif
275,1_44.tif
276,1_45.tif
277,1_46.tif
278,1_47.tif
279,1_48.tif
280,1_49.tif
281,1_5.tif
282,1_50.tif
283,1_51.tif
284,1_52.tif
285,1_56.tif
286,1_57.tif
287,1_58.tif
288,1_59.tif
289,1_6.tif
290,1_60.tif
291,1_61.tif
292,1_62.tif
293,1_63.tif
294,1_64.tif
295,1_65.tif
296,1_66.tif
297,1_67.tif
298,1_68.tif
299,1_69.tif
300,1_7.tif
301,1_70.tif
302,1_71.tif
303,1_72.tif
304,1_73.tif
305,1_74.tif
306,1_75.tif
307,1_76.tif
308,1_77.tif
309,1_78.tif
310,1_79.tif
311,1_8.tif
312,1_80.tif
313,1_81.tif
314,1_82.tif
315,1_83.tif
316,1_84.tif
317,1_85.tif
318,1_86.tif
319,1_87.tif
320,1_88.tif
321,1_89.tif
322,1_9.tif
323,1_90.tif
324,1_91.tif
325,1_92.tif
326,1_93.tif
327,1_94.tif
328,1_95.tif
329,1_96.tif
330,1_97.tif
331,1_98.tif
332,1_99.tif
